[
        {
            "id": "1",
            "slug": "ron",
            "title": "Panda Ron",
            "price": "600 USD",
            "img": "https://i.postimg.cc/HWNff1VZ/ron.jpg",
            "stock":"7",
            "description":"Lorem ipsum dolor sit amet"
        },
        {
            "id": "2",
            "slug": "groot",
            "title": "Panda Groot",
            "price": "320 USD",
            "img": "https://i.postimg.cc/D03YwnLn/images.jpg",
            "stock":"4",
            "description":"Lorem ipsum dolor sit amet"
        },
        {
            "id": "3",
            "slug": "dobbie",
            "title": "Panda Dobbie",
            "price": "510 USD",
            "img": "https://i.postimg.cc/wvphtvff/2.jpg",
            "stock":"9",
            "description":"Lorem ipsum dolor sit amet"
        },
        {
            "id": "4",
            "slug": "mando",
            "title": "Panda Mando",
            "price": "200 USD",
            "img": "https://i.postimg.cc/Wp0Hfqc3/images-2.jpg",
            "stock":"3",
            "description":"Lorem ipsum dolor sit amet"
        },
        {
            "id": "5",
            "slug": "luke",
            "title": "Panda Luke",
            "price": "150 USD",
            "img": "https://i.postimg.cc/02FKMjrY/images-1.jpg",
            "stock":"5",
            "description":"Lorem ipsum dolor sit amet"
        },
        {
            "id": "6",
            "slug": "pepe",
            "title": "Panda Pepe",
            "price": "200 USD",
            "img": "https://i.postimg.cc/Ghcq7Mj7/images-3.jpg",
            "stock":"1",
            "description":"Lorem ipsum dolor sit amet"
        },
        {
            "id": "7",
            "slug": "yoda",
            "title": "Panda Yoda",
            "price": "1200 USD",
            "img": "https://i.postimg.cc/bwmM9Xc9/J4-TSZIY6-I5-BDREEXRWRMV6-TLDU.jpg",
            "stock":"1",
            "description":"Lorem ipsum dolor sit amet"
        }
    ]
    


